,0
0,travel.everday
1,dailyytraveling
2,michelletakeaim
3,jenniferkipp
4,tripgood_fr
5,shaunabaker
6,saeid.ses
7,lovelyplanett
8,olcademir
9,marinaberberyan
10,paperlat
11,911ldm
12,ro.mini
13,jissy_wild
14,fofafifl
15,mr.mylnikov
16,m.justworld
17,daniel_softdev
18,travelwithap_
19,traveltreeshop
20,focksysocksy
21,memehtab
22,tonioruvalcaba
23,ssupertravel
24,nomads.tales
25,ppfigueroah
26,framlief1290
27,besttravl
28,dinardiniya
29,emilyrogs
30,culturaltourist
31,charlyquintela
32,travel3lite
33,i.v.a.n.j.a.i.r
34,dede_rara2
35,phil.cullen
36,oligoceneepoch
